"","p_value","delta_AIC"
"1",1.30337209756604e-06,-24.814908500749
"2",2.19830945085547e-06,-23.704619285214
